RouteName,Direction,StopCount
01线,上行,18
01线,下行,19
04线,下行,22
1001路,下行,18
1002路,上行,11
1002路,下行,11
1003路,上行,7
1003路,下行,10
1004路,下行,2
1005路,上行,11
1005路,下行,14
1006路,下行,16
1007路,下行,8
1008路,下行,11
1009路,上行,11
1009路,下行,12
100路,上行,18
100路,下行,19
1010路,上行,10
1010路,下行,9
1012路,下行,13
1013路,下行,14
1014路,下行,12
1015路,上行,10
1015路,下行,10
1016路,下行,14
1017路,上行,2
1017路,下行,6
1018路,上行,10
1018路,下行,6
1019路,下行,17
1020路,上行,11
1020路,下行,10
1021路,上行,1
1021路,下行,10
1022路,下行,14
1023路,下行,17
1024路,下行,18
1025路,上行,9
1025路,下行,8
1026路,下行,16
1027路,下行,13
1028路,上行,8
1028路,下行,10
1029路,下行,12
102路,上行,6
102路,下行,7
1030路,下行,20
1031路,上行,5
1031路,下行,4
1032路,上行,9
1032路,下行,7
1033路,下行,18
1034路,上行,5
1034路,下行,7
1035路,上行,11
1035路,下行,11
1036路,上行,6
1036路,下行,7
1037路,上行,12
1037路,下行,12
1038路,上行,14
1038路,下行,15
1039路,上行,13
1039路,下行,13
103路,上行,24
103路,下行,25
1040路,下行,13
1041路,上行,9
1041路,下行,9
1042路,下行,15
1047路,上行,1
1047路,下行,3
1048路,下行,7
1049路,上行,6
1049路,下行,9
104路,上行,16
104路,下行,13
1050路,上行,10
1050路,下行,8
1051路,上行,8
1051路,下行,9
1054路,下行,13
1056路,上行,12
1056路,下行,12
1058路,上行,11
1058路,下行,8
105路,上行,20
105路,下行,20
1061路,上行,14
1061路,下行,14
1062路,上行,9
1062路,下行,11
1063路,上行,12
1063路,下行,12
1064路,上行,14
1064路,下行,14
1065路,下行,17
1066路,上行,12
1066路,下行,15
1068路,上行,17
1068路,下行,17
1069路,上行,9
1069路,下行,10
106路,上行,13
106路,下行,14
1070路,上行,19
1070路,下行,19
1072路,上行,11
1072路,下行,11
1073路,上行,15
1073路,下行,15
1074路,上行,10
1074路,下行,9
1075路,上行,11
1075路,下行,11
1076路,上行,10
1076路,下行,7
1077路,上行,6
1077路,下行,8
1078路,上行,5
1078路,下行,6
1079路,上行,13
1079路,下行,13
107路,上行,18
107路,下行,17
1080路,下行,18
1082路,上行,16
1082路,下行,17
1083路,上行,10
1083路,下行,10
1085路,上行,11
1085路,下行,11
1087路,上行,12
1087路,下行,12
1088路,上行,17
1088路,下行,11
1089路,上行,14
1089路,下行,14
108路,上行,39
108路,下行,38
1090路,上行,15
1090路,下行,17
1091路,上行,9
1091路,下行,9
1092路,上行,2
1092路,下行,23
1093路,下行,23
1095路,上行,12
1095路,下行,12
1096路,上行,10
1096路,下行,12
1097路,上行,9
1097路,下行,11
1099路,上行,5
1099路,下行,6
109路,上行,13
109路,下行,15
1100路,上行,6
1100路,下行,8
1101路,上行,13
1101路,下行,13
1104路,下行,9
1108路,下行,11
1109路,上行,11
1109路,下行,15
110路,上行,19
110路,下行,21
1110路,上行,12
1110路,下行,13
1111路,上行,18
1111路,下行,18
1112路,上行,11
1112路,下行,11
1113路,上行,11
1113路,下行,10
1115路,上行,9
1115路,下行,11
1117路,上行,17
1117路,下行,13
1118路,上行,8
1118路,下行,9
1119路,上行,10
1119路,下行,12
111路,上行,22
111路,下行,23
1121路,上行,13
1121路,下行,14
1122路,上行,8
1122路,下行,11
1124路,上行,11
1124路,下行,12
1126路,上行,15
1126路,下行,15
1127路,上行,13
1127路,下行,13
1129路,下行,11
112路,上行,30
112路,下行,31
1130路,上行,6
1130路,下行,7
1131路,上行,4
1131路,下行,5
1132路,上行,11
1132路,下行,12
1134路,上行,15
1134路,下行,16
1135路,下行,7
1136路,上行,8
1136路,下行,8
1137路,上行,8
1137路,下行,7
1138路,上行,11
1138路,下行,12
1139路,上行,15
1139路,下行,12
113路,上行,30
113路,下行,30
1151路,上行,6
1151路,下行,6
1152路,上行,4
1152路,下行,4
115路,上行,23
115路,下行,23
1160路,下行,14
1162路,上行,9
1162路,下行,9
116路,上行,30
116路,下行,29
117路,上行,19
117路,下行,20
118路,上行,19
118路,下行,19
119路,上行,20
119路,下行,20
11路,上行,11
11路,下行,11
1201路,下行,14
1203路,下行,9
1204路,下行,12
1205路,上行,7
1205路,下行,7
1206路,上行,10
1206路,下行,10
1207路,上行,4
1207路,下行,3
1208路,下行,13
1209路,下行,15
120路,上行,26
120路,下行,25
1210路,下行,16
1211路,上行,8
1211路,下行,9
1217路,下行,13
1218路,上行,11
1218路,下行,11
1219路,下行,12
121路,上行,29
121路,下行,29
1220路,上行,11
1220路,下行,11
1221路,上行,8
1221路,下行,6
1223路,上行,9
1223路,下行,9
1225路,下行,6
1226路,下行,18
1227路,下行,7
1228路,下行,11
122路,上行,22
122路,下行,20
1230路（桃浦便民巴士）,下行,10
1231路,上行,8
1231路,下行,8
1238路,上行,9
1238路,下行,9
123路,上行,12
123路,下行,13
124路,上行,13
124路,下行,13
1250路,上行,7
1250路,下行,9
1251路,上行,6
1251路,下行,5
1252路,下行,10
1253路,下行,9
1255路,下行,19
1256路,下行,20
1258路,下行,14
125路,上行,47
125路,下行,47
129路,上行,19
129路,下行,21
130路,上行,32
130路,下行,29
131路,上行,16
131路,下行,21
132路,上行,20
132路,下行,18
133路,上行,12
133路,下行,15
134路,上行,23
134路,下行,22
135路,上行,15
135路,下行,16
136路,上行,22
136路,下行,22
137路,上行,23
137路,下行,19
138路,上行,19
138路,下行,18
139路,上行,28
139路,下行,28
13路,上行,18
13路,下行,18
141路,上行,19
141路,下行,20
142路,上行,14
142路,下行,16
143路,上行,39
143路,下行,38
146路,上行,17
146路,下行,19
147路,下行,37
149路,上行,22
149路,下行,19
14路,上行,18
14路,下行,19
1501路,上行,10
1501路,下行,10
1502路,上行,12
1502路,下行,11
1503路,上行,8
1503路,下行,9
1504路,上行,10
1504路,下行,9
1505路,上行,11
1505路,下行,9
1506路,上行,6
1506路,下行,9
1507路,上行,11
1507路,下行,9
1508路,上行,6
1508路,下行,6
1509路,上行,9
1509路,下行,9
150路,上行,21
150路,下行,19
1510路,上行,6
1510路,下行,5
1512路,上行,10
1512路,下行,10
1513路,上行,10
1513路,下行,11
1514路,上行,11
1514路,下行,11
1515路,上行,15
1515路,下行,16
1516路,上行,10
1516路,下行,11
1517路,上行,10
1517路,下行,12
1518路,上行,8
1518路,下行,8
151路,上行,25
151路,下行,26
152路,上行,13
152路,下行,15
153路,上行,11
153路,下行,11
1552路,上行,16
1552路,下行,16
1553路,上行,5
1553路,下行,5
155路,上行,16
155路,下行,14
156路,上行,24
156路,下行,23
157路,上行,20
157路,下行,21
158路,上行,22
158路,下行,24
159路,上行,32
159路,下行,32
15路,上行,17
15路,下行,16
1600路,上行,14
1600路,下行,14
1601路,下行,18
1602路,上行,12
1602路,下行,10
1603路,下行,12
1604路,上行,14
1604路,下行,14
1605路,上行,16
1605路,下行,17
1606路,上行,10
1606路,下行,10
1607路,上行,10
1607路,下行,9
1608路,下行,28
1609路,上行,10
1609路,下行,11
160路,上行,27
160路,下行,27
1610路,下行,13
1611路,下行,26
1612路,下行,9
161路,上行,16
161路,下行,13
162路,上行,23
162路,下行,20
163路,上行,19
163路,下行,21
1650路,上行,9
1650路,下行,9
1651路,上行,16
1651路,下行,16
1652路,上行,1
1653路,上行,12
1653路,下行,12
1655路,上行,10
1655路,下行,10
1657路,上行,19
1657路,下行,19
1658路,上行,7
1658路,下行,7
1659路,上行,15
1659路,下行,15
165路,下行,6
1660路,上行,17
1660路,下行,17
1661路,上行,11
1661路,下行,11
1662路,上行,16
1662路,下行,16
1663路,上行,14
1663路,下行,14
1665路,上行,14
1665路,下行,14
1666路,上行,13
1666路,下行,13
1667路,上行,7
1667路,下行,7
1668路,上行,16
1668路,下行,16
1669路,上行,10
1669路,下行,10
166路,上行,24
166路,下行,24
1670路,上行,11
1670路,下行,11
1671路,上行,17
1671路,下行,17
1672路,上行,19
1672路,下行,19
1673路,上行,12
1673路,下行,12
1674路,上行,13
1674路,下行,13
1675路,上行,12
1675路,下行,12
1676路,上行,10
1676路,下行,10
1677路,上行,8
1677路,下行,8
1678路,上行,13
1678路,下行,13
1679路,上行,13
1679路,下行,13
167路,上行,19
167路,下行,19
1680路,上行,10
1680路,下行,10
1681路,上行,12
1681路,下行,12
1682路,上行,17
1682路,下行,17
1683路,上行,15
1683路,下行,15
1684路,上行,10
1684路,下行,10
1685路,下行,7
1686路,上行,13
1686路,下行,13
168路,上行,14
168路,下行,14
1711路,上行,2
1711路,下行,11
1712路,上行,13
1712路,下行,13
1713路,上行,13
1713路,下行,13
171路,上行,20
171路,下行,19
1721路,上行,9
1721路,下行,9
172路,上行,23
172路,下行,28
1731路,上行,14
1731路,下行,13
173路,上行,30
173路,下行,29
174路,上行,23
174路,下行,25
175路,上行,33
175路,下行,33
176路,上行,8
176路,下行,7
177路,上行,30
177路,下行,29
178路,上行,55
178路,下行,54
17路,上行,23
17路,下行,22
1801路,上行,18
1801路,下行,18
1802路,上行,17
1802路,下行,17
1803路,下行,21
1804路,下行,26
1805路,上行,18
1805路,下行,19
1806路,上行,11
1806路,下行,11
1807路,下行,21
1808路,下行,30
1809路,下行,24
180路,上行,12
180路,下行,12
1810路,上行,15
1810路,下行,15
1812路,下行,12
1813路,下行,13
1814路,上行,10
1814路,下行,10
1815路,下行,22
1816路,上行,2
1816路,下行,2
1817路,下行,24
1820路,上行,9
1820路,下行,9
1826路,上行,13
1826路,下行,13
182路,上行,35
182路,下行,35
183路,上行,31
183路,下行,30
1840路,上行,18
1840路,下行,18
1841路,下行,25
1842路,下行,24
1843路,下行,26
1845路,下行,16
1846路,下行,24
1849路,上行,20
1849路,下行,21
184路,上行,25
184路,下行,21
1851路,上行,9
1851路,下行,8
185路,上行,5
185路,下行,10
186路,上行,44
186路,下行,43
187路,上行,21
187路,下行,23
188路,上行,55
188路,下行,55
189路,上行,47
189路,下行,46
18路,上行,17
18路,下行,14
190路,上行,26
190路,下行,27
191路,上行,105
191路,下行,100
192路,下行,22
193路,上行,10
193路,下行,11
194路,上行,19
194路,下行,20
195路,上行,8
195路,下行,8
196路,上行,28
196路,下行,30
197路,上行,26
197路,下行,25
198路,上行,24
198路,下行,24
199路,上行,25
199路,下行,25
19路,上行,22
19路,下行,21
205路,上行,30
205路,下行,31
206路,上行,22
206路,下行,20
20路,上行,14
20路,下行,18
210路,上行,14
210路,下行,14
216路,上行,14
216路,下行,14
218路,上行,28
218路,下行,28
21路,上行,22
21路,下行,24
220路,上行,19
220路,下行,19
224路,上行,28
224路,下行,25
22路,上行,17
22路,下行,16
23路,上行,18
23路,下行,18
24路,上行,20
24路,下行,17
257路,上行,9
257路,下行,8
25路,上行,24
25路,下行,23
26路,上行,2
26路,下行,5
28路,上行,23
28路,下行,22
301路,上行,23
301路,下行,21
302路,上行,27
302路,下行,26
303路,上行,23
303路,下行,23
304路,上行,16
304路,下行,28
305路,上行,15
305路,下行,15
306路,上行,15
306路,下行,16
307路,上行,18
307路,下行,21
308路,上行,17
308路,下行,17
309路,上行,14
309路,下行,14
310路,上行,22
310路,下行,22
311路,上行,20
311路,下行,20
312路,上行,21
312路,下行,19
313路,上行,27
313路,下行,28
314路,上行,18
314路,下行,19
315路,上行,20
315路,下行,19
316路,上行,32
316路,下行,30
317路,上行,23
317路,下行,24
318路,上行,17
318路,下行,18
319路,上行,17
319路,下行,18
320路,上行,24
320路,下行,26
321路,上行,16
321路,下行,14
322路,上行,27
322路,下行,26
323路,上行,24
323路,下行,24
324路,上行,15
324路,下行,16
327路,上行,14
327路,下行,8
328路,上行,23
328路,下行,22
329路,上行,22
329路,下行,22
330路,上行,23
330路,下行,23
332路,上行,19
332路,下行,21
338路,上行,28
338路,下行,29
339路,上行,14
339路,下行,14
33路,上行,16
33路,下行,17
340路,上行,22
340路,下行,22
342路,上行,27
342路,下行,27
343路,上行,27
343路,下行,27
345路,上行,29
345路,下行,29
36路,上行,18
36路,下行,16
37路,上行,15
37路,下行,18
405路,上行,26
405路,下行,27
406路,上行,23
406路,下行,24
40路,上行,24
40路,下行,22
41路,上行,22
41路,下行,19
42路,上行,13
42路,下行,12
43路,上行,20
43路,下行,21
44路,上行,28
44路,下行,28
452路,上行,30
452路,下行,27
453路,上行,25
453路,下行,23
454路,上行,14
454路,下行,16
455路,上行,26
455路,下行,27
456路,上行,17
456路,下行,16
457路,上行,19
457路,下行,18
458路,上行,33
458路,下行,30
45路,上行,16
45路,下行,14
46路,上行,19
46路,下行,15
47路,上行,15
47路,下行,16
48路,上行,14
48路,下行,12
49路,上行,18
49路,下行,20
502路,上行,20
502路,下行,21
508路,上行,13
508路,下行,13
50路,上行,13
50路,下行,13
510路,下行,4
519路,上行,20
519路,下行,21
51路,上行,26
51路,下行,30
522路,上行,23
522路,下行,21
527路,上行,28
527路,下行,29
528路,上行,58
528路,下行,52
52路,上行,28
52路,下行,23
537路,上行,23
537路,下行,25
538路,上行,23
538路,下行,22
547路,上行,25
547路,下行,26
548路,上行,26
548路,下行,23
54路,上行,25
54路,下行,26
551路,上行,34
551路,下行,31
552路,上行,25
552路,下行,27
554路,上行,19
554路,下行,23
559路,上行,21
559路,下行,20
55路,上行,29
55路,下行,25
561路,上行,22
561路,下行,23
56路,上行,29
56路,下行,28
572路,上行,21
572路,下行,21
573路,上行,19
573路,下行,20
576路,上行,29
576路,下行,29
577路,上行,26
577路,下行,25
57路,上行,18
57路,下行,17
581路,上行,22
581路,下行,23
581路B线,上行,5
581路B线,下行,5
583路,上行,26
583路,下行,30
58路,上行,21
58路,下行,22
597路,上行,26
597路,下行,24
59路,上行,27
59路,下行,28
604路,上行,20
604路,下行,20
607路,上行,24
607路,下行,27
609路,上行,32
609路,下行,31
60路,上行,21
60路,下行,20
610路,上行,13
610路,下行,17
615路,上行,52
615路,下行,54
61路,上行,22
61路,下行,23
624路,上行,33
624路,下行,31
628路,上行,45
628路,下行,45
629路,上行,11
629路,下行,13
62路,上行,25
62路,下行,27
630路,上行,39
630路,下行,44
636路,上行,38
636路,下行,38
638路,上行,30
638路,下行,29
639路,上行,38
639路,下行,35
63路,上行,33
63路,下行,29
640路,上行,48
640路,下行,48
642路,上行,27
642路,下行,27
64路,上行,20
64路,下行,20
65路,上行,14
65路,下行,14
66路,上行,44
66路,下行,44
67路,上行,14
67路,下行,14
68路,上行,20
68路,下行,21
69路,上行,20
69路,下行,19
6路,上行,16
6路,下行,16
700路,上行,27
700路,下行,25
701路,上行,11
701路,下行,11
702路,上行,25
702路,下行,27
703路,上行,24
703路,下行,25
704路,上行,33
704路,下行,31
705路,上行,30
705路,下行,30
708路,下行,1
709路,上行,14
709路,下行,16
70路,上行,15
70路,下行,17
710路,上行,20
710路,下行,19
711路,上行,23
711路,下行,23
712路,上行,25
712路,下行,24
713路,上行,27
713路,下行,28
714路,上行,22
714路,下行,23
715路,上行,22
715路,下行,21
717路,上行,14
717路,下行,13
718路,上行,19
718路,下行,21
719路,上行,22
719路,下行,25
71路,上行,25
71路,下行,24
71路T2线,上行,7
71路T2线,下行,7
71路区间,上行,31
71路区间,下行,31
720路,上行,23
720路,下行,20
721路,上行,24
721路,下行,25
723路,上行,21
723路,下行,18
724路,上行,13
724路,下行,13
726路,上行,25
726路,下行,26
727路,上行,17
727路,下行,19
728路,上行,30
728路,下行,30
729路,上行,32
729路,下行,35
72路,上行,18
72路,下行,19
730路,上行,16
730路,下行,15
731路,上行,24
731路,下行,26
732路,上行,23
732路,下行,22
733路,上行,18
733路,下行,16
734路,上行,15
734路,下行,16
735路,上行,32
735路,下行,31
736路,上行,20
736路,下行,23
737路,上行,42
737路,下行,42
738路,上行,35
738路,下行,39
739路,上行,28
739路,下行,32
740路,上行,37
740路,下行,38
741路,上行,24
741路,下行,25
742路,上行,23
742路,下行,24
743路,上行,22
743路,下行,21
744路,上行,17
744路,下行,17
745路,上行,25
745路,下行,24
746路,上行,22
746路,下行,21
747路,上行,28
747路,下行,29
748路（71路支线3）,上行,22
748路（71路支线3）,下行,22
749路,上行,20
749路,下行,20
74路,上行,30
74路,下行,31
750路,上行,18
750路,下行,18
751路,上行,20
751路,下行,19
753路,上行,28
753路,下行,28
754路,上行,19
754路,下行,19
755路,上行,28
755路,下行,27
757路,上行,14
757路,下行,18
758路,上行,17
758路,下行,20
759路,上行,22
759路,下行,23
761路,上行,20
761路,下行,23
763路,上行,25
763路,下行,25
764路,上行,21
764路,下行,21
765路,上行,20
765路,下行,22
766路,上行,26
766路,下行,24
767路,上行,24
767路,下行,22
768路,上行,15
768路,下行,15
76路,上行,20
76路,下行,19
770路,上行,19
770路,下行,18
772路,上行,28
772路,下行,28
774路,上行,34
774路,下行,34
775路,上行,19
775路,下行,18
776路,上行,31
776路,下行,31
777路,上行,25
777路,下行,17
778路,上行,19
778路,下行,20
779路,上行,21
779路,下行,22
780路,上行,19
780路,下行,20
781路,上行,10
781路,下行,10
782路,上行,19
782路,下行,19
783路,上行,24
783路,下行,24
784路,上行,15
784路,下行,15
785路,上行,41
785路,下行,40
786路,上行,12
786路,下行,11
787路,上行,35
787路,下行,34
788路,上行,31
788路,下行,31
789路,上行,22
789路,下行,21
78路,上行,24
78路,下行,24
790路,上行,60
790路,下行,58
792路,上行,20
792路,下行,19
794路,上行,29
794路,下行,29
795路,上行,23
795路,下行,26
796路,上行,27
796路,下行,29
798路,上行,22
798路,下行,22
799路,上行,19
799路,下行,18
79路,上行,17
79路,下行,19
801,上行,11
801,下行,11
802路,下行,28
803路,上行,27
803路,下行,26
804路,上行,27
804路,下行,24
805路,上行,15
805路,下行,15
806路,上行,32
806路,下行,34
807路,上行,16
807路,下行,19
808路,上行,26
808路,下行,25
809路,上行,22
809路,下行,22
80路,上行,17
80路,下行,17
810路,上行,24
810路,下行,25
811路,上行,20
811路,下行,20
812路,上行,30
812路,下行,33
813路,上行,34
813路,下行,34
815路,上行,7
815路,下行,8
818路,下行,15
819路,上行,33
819路,下行,33
81路,上行,30
81路,下行,30
820路,上行,11
820路,下行,18
821路,上行,9
821路,下行,10
822路,上行,30
822路,下行,30
823路,上行,22
823路,下行,23
824路,上行,24
824路,下行,24
826路,上行,20
826路,下行,20
827路,上行,21
827路,下行,23
828路,上行,30
828路,下行,31
82路,上行,21
82路,下行,22
830路,上行,25
830路,下行,25
832路,下行,6
833路,下行,7
834路,上行,20
834路,下行,20
836路,上行,26
836路,下行,27
837路,上行,26
837路,下行,25
838路,上行,23
838路,下行,27
839路,上行,19
839路,下行,19
83路,上行,17
83路,下行,17
840路,上行,10
840路,下行,9
841路,上行,16
841路,下行,16
842路,上行,22
842路,下行,21
843路,上行,41
843路,下行,40
845路,上行,26
845路,下行,28
846路,上行,16
846路,下行,16
849路,上行,18
849路,下行,18
84路,上行,12
84路,下行,15
850路,上行,23
850路,下行,22
851路,上行,30
851路,下行,31
853路,上行,17
853路,下行,18
854路,上行,24
854路,下行,24
855路,上行,21
855路,下行,19
855路区间,下行,17
856路,上行,18
856路,下行,19
858路,上行,19
858路,下行,24
859路,上行,21
859路,下行,23
85路,上行,22
85路,下行,22
860路,上行,10
860路,下行,12
862路,上行,16
862路,下行,17
864路,上行,10
864路,下行,12
866路,上行,4
866路,下行,4
867路,上行,32
867路,下行,32
868路,上行,25
868路,下行,22
869路,上行,24
869路,下行,18
870路,上行,21
870路,下行,21
871路,上行,25
871路,下行,26
872路,上行,31
872路,下行,32
873路,上行,28
873路,下行,29
874路,上行,32
874路,下行,29
875路,上行,25
875路,下行,25
876路,上行,35
876路,下行,37
877路,下行,7
878路,下行,5
879路,下行,11
87路,上行,23
87路,下行,22
880路,下行,2
881路,上行,24
881路,下行,25
882路,上行,30
882路,下行,29
883路,上行,20
883路,下行,20
885路,上行,26
885路,下行,25
886路,上行,28
886路,下行,28
887路,上行,10
887路,下行,12
889路,上行,29
889路,下行,30
88路,上行,20
88路,下行,27
890路,上行,33
890路,下行,33
891路,上行,19
891路,下行,20
892路,上行,27
892路,下行,27
895路,上行,25
895路,下行,27
898路,上行,15
898路,下行,16
89路,上行,28
89路,下行,32
8路,上行,13
8路,下行,13
909路,上行,20
909路,下行,18
90路,上行,26
90路,下行,22
911路,上行,31
911路,下行,28
912路,上行,23
912路,下行,24
915路,上行,8
915路,下行,7
91路,上行,29
91路,下行,30
923路,上行,31
923路,下行,31
926路,上行,17
926路,下行,23
927路,上行,10
927路,下行,23
929路,上行,23
929路,下行,22
92路,上行,27
92路,下行,25
930路,上行,14
930路,下行,14
932路,上行,21
932路,下行,25
933路,上行,22
933路,下行,23
934路,上行,24
934路,下行,23
937路,上行,38
937路,下行,39
939路,上行,14
939路,下行,13
93路,上行,24
93路,下行,22
941,上行,7
941,下行,5
941路,上行,25
941路,下行,22
942路,上行,22
942路,下行,22
944路,上行,33
944路,下行,32
946路,上行,23
946路,下行,24
947路,上行,17
947路,下行,17
948路,上行,19
948路,下行,17
94路,上行,19
94路,下行,20
951路,上行,18
951路,下行,19
955路,上行,28
955路,下行,24
956路,上行,30
956路,下行,30
957路,上行,31
957路,下行,29
958路,上行,34
958路,下行,34
959路,上行,20
959路,下行,24
95路,上行,32
95路,下行,26
960路,上行,24
960路,下行,22
961路,上行,69
961路,下行,65
962路,上行,17
962路,下行,20
963路,上行,31
963路,下行,28
966路,上行,30
966路,下行,30
969路,上行,25
969路,下行,26
96路,上行,20
96路,下行,17
970路,上行,29
970路,下行,31
971路,上行,29
971路,下行,32
973路,上行,29
973路,下行,27
974路,上行,36
974路,下行,36
975路,上行,20
975路,下行,19
976路,上行,18
976路,下行,18
978路,上行,16
978路,下行,19
97路,上行,10
97路,下行,13
980路,上行,24
980路,下行,27
981路,上行,22
981路,下行,20
984路,上行,17
984路,下行,19
985路,上行,14
985路,下行,16
986路,上行,41
986路,下行,42
987路,上行,35
987路,下行,35
988路,上行,23
988路,下行,21
989路,上行,31
989路,下行,30
98路,上行,25
98路,下行,25
990路,上行,22
990路,下行,22
992路,上行,44
992路,下行,45
99路,上行,20
99路,下行,23
七宝2路,上行,14
七宝2路,下行,14
七宝2路区间,下行,14
万祥2路,上行,15
万祥2路,下行,13
三林1路,上行,15
三林1路,下行,13
上嘉线,上行,17
上嘉线,下行,17
上奉专线,上行,47
上奉专线,下行,47
上松夜宵线,上行,2
上松夜宵线,下行,2
上石线,上行,25
上石线,下行,25
上青线,上行,33
上青线,下行,33
临港10路,上行,19
临港10路,下行,19
临港11路,上行,13
临港11路,下行,12
临港12路,下行,1
临港13路,上行,24
临港13路,下行,23
临港2路,上行,18
临港2路,下行,15
临港4路,上行,14
临港4路,下行,12
临港6路,上行,12
临港6路,下行,12
临港7路,上行,25
临港7路,下行,26
临港7路B线,下行,12
临港8路,上行,29
临港8路,下行,25
临港中运量1号线,上行,13
临港中运量1号线,下行,13
临港中运量2号线,上行,11
临港中运量2号线,下行,11
临港中运量3号线,上行,5
临港中运量3号线,下行,5
乐张专线,上行,7
乐张专线,下行,7
乐松专线,上行,4
乐松专线,下行,6
书院2路,上行,21
书院2路,下行,21
亭卫专线,上行,16
亭卫专线,下行,16
亭卫专线B线,上行,34
亭卫专线B线,下行,34
亭林1路,上行,31
亭林1路,下行,31
亭林5路,上行,15
亭林5路,下行,5
亭梅线,上行,3
亭梅线,下行,3
六灶2路,上行,14
六灶2路,下行,13
北蔡1路,上行,16
北蔡1路,下行,14
北蔡2路,上行,17
北蔡2路,下行,17
华新1路,上行,21
华新1路,下行,22
华新2路,上行,13
华新2路,下行,14
华新4路,上行,23
华新4路,下行,22
华新6路,上行,26
华新6路,下行,26
华新7路,上行,17
华新7路,下行,20
华新8路,上行,23
华新8路,下行,21
华漕5路,上行,13
华漕5路,下行,12
南东专线,上行,26
南东专线,下行,26
南临专线,上行,46
南临专线,下行,45
南南线,上行,32
南南线,下行,33
南团快线,上行,37
南团快线,下行,37
南园1路,上行,13
南园1路,下行,13
南堡专线,上行,23
南堡专线,下行,9
南堡二线,上行,31
南堡二线,下行,31
南堡快线,上行,12
南堡快线,下行,12
南建专线,上行,39
南建专线,下行,39
南新专线（崇明巴士）,上行,27
南新专线（崇明巴士）,下行,27
南松专线,上行,46
南松专线,下行,46
南梅线,上行,2
南梅线,下行,2
南江专线,上行,21
南江专线,下行,21
南海二线,上行,29
南海二线,下行,29
南海线,上行,33
南海线,下行,33
南牛线,上行,33
南牛线,下行,32
南牛线（区间）,上行,29
南牛线（区间）,下行,28
南红专线,上行,31
南红专线,下行,31
南航线,上行,32
南航线,下行,29
南裕专线,上行,24
南裕专线,下行,24
南跃线,上行,16
南跃线,下行,29
南金线,上行,19
南金线,下行,19
南隆专线,上行,21
南隆专线,下行,21
南隆专线（区间）,上行,20
南隆专线（区间）,下行,20
南风线,上行,20
南风线,下行,20
南龙专线,上行,50
南龙专线,下行,51
古美环线,上行,22
古美环线,下行,26
合庆1路,上行,11
合庆1路,下行,11
合庆2路,上行,27
合庆2路,下行,25
吴淞滨江线,上行,15
吴淞滨江线,下行,17
周康10路,上行,24
周康10路,下行,24
周康4路,上行,15
周康4路,下行,16
周康5路,上行,28
周康5路,下行,30
周康9路,上行,24
周康9路,下行,23
嘉五线,上行,2
嘉五线,下行,2
嘉定101路,上行,25
嘉定101路,下行,24
嘉定102路,上行,26
嘉定102路,下行,26
嘉定103路,上行,28
嘉定103路,下行,28
嘉定104路,上行,26
嘉定104路,下行,25
嘉定105路,上行,16
嘉定105路,下行,16
嘉定106路,上行,25
嘉定106路,下行,25
嘉定107路,上行,27
嘉定107路,下行,27
嘉定107路B线,上行,25
嘉定107路B线,下行,25
嘉定108路,上行,20
嘉定108路,下行,20
嘉定109路,上行,14
嘉定109路,下行,14
嘉定10路,上行,21
嘉定10路,下行,21
嘉定110路,上行,11
嘉定110路,下行,11
嘉定111路,上行,19
嘉定111路,下行,19
嘉定112路,上行,28
嘉定112路,下行,28
嘉定113路,上行,22
嘉定113路,下行,23
嘉定114路,上行,14
嘉定114路,下行,14
嘉定114路区间,上行,12
嘉定114路区间,下行,12
嘉定115路,上行,21
嘉定115路,下行,23
嘉定116路,上行,21
嘉定116路,下行,20
嘉定117路,上行,22
嘉定117路,下行,23
嘉定118路,上行,22
嘉定118路,下行,22
嘉定119路,上行,15
嘉定119路,下行,15
嘉定11路,上行,21
嘉定11路,下行,21
嘉定120路,上行,15
嘉定120路,下行,15
嘉定121路,上行,14
嘉定121路,下行,12
嘉定121路B线,上行,10
嘉定121路B线,下行,9
嘉定123路,上行,17
嘉定123路,下行,17
嘉定125路,上行,18
嘉定125路,下行,19
嘉定126路,上行,14
嘉定126路,下行,13
嘉定127路,上行,19
嘉定127路,下行,19
嘉定128路,上行,15
嘉定128路,下行,19
嘉定129路,上行,12
嘉定129路,下行,12
嘉定12路,上行,15
嘉定12路,下行,15
嘉定131路,上行,31
嘉定131路,下行,32
嘉定132路,上行,18
嘉定132路,下行,18
嘉定133路,上行,16
嘉定133路,下行,13
嘉定134路,上行,2
嘉定134路,下行,2
嘉定135路,上行,12
嘉定135路,下行,13
嘉定13路,上行,16
嘉定13路,下行,17
嘉定14路,上行,22
嘉定14路,下行,22
嘉定15路,上行,25
嘉定15路,下行,25
嘉定17路,上行,12
嘉定17路,下行,11
嘉定18路,上行,19
嘉定18路,下行,19
嘉定1路,上行,26
嘉定1路,下行,25
嘉定20路,上行,9
嘉定21路,下行,9
嘉定22路,上行,19
嘉定22路,下行,19
嘉定2路,上行,28
嘉定2路,下行,20
嘉定3路,上行,20
嘉定3路,下行,19
嘉定4路,上行,28
嘉定4路,下行,28
嘉定51路,上行,16
嘉定51路,下行,17
嘉定52路,上行,25
嘉定52路,下行,26
嘉定53路,上行,19
嘉定53路,下行,19
嘉定54路,上行,32
嘉定54路,下行,32
嘉定55路,上行,26
嘉定55路,下行,23
嘉定56路,上行,4
嘉定56路,下行,19
嘉定56路区间,下行,41
嘉定57路,上行,22
嘉定57路,下行,22
嘉定58路,上行,27
嘉定58路,下行,27
嘉定59路,上行,18
嘉定59路,下行,18
嘉定5路,上行,21
嘉定5路,下行,21
嘉定60路,上行,22
嘉定60路,下行,22
嘉定61路,上行,26
嘉定61路,下行,27
嘉定62路,上行,22
嘉定62路,下行,23
嘉定63路,上行,21
嘉定63路,下行,20
嘉定64路,上行,31
嘉定64路,下行,31
嘉定64路B线,上行,13
嘉定64路B线,下行,13
嘉定65路,上行,35
嘉定65路,下行,35
嘉定66路,上行,18
嘉定66路,下行,19
嘉定67路,上行,24
嘉定67路,下行,25
嘉定68路,上行,23
嘉定68路,下行,23
嘉定69路,上行,24
嘉定69路,下行,24
嘉定6路,上行,24
嘉定6路,下行,24
嘉定70路,上行,16
嘉定70路,下行,16
嘉定71路,上行,25
嘉定71路,下行,25
嘉定72路,上行,9
嘉定72路,下行,9
嘉定7路,上行,19
嘉定7路,下行,20
嘉定7路b线,上行,20
嘉定7路b线,下行,21
嘉定8路,上行,23
嘉定8路,下行,24
嘉定9路,上行,30
嘉定9路,下行,29
嘉松线,上行,34
嘉松线,下行,34
嘉泰线,上行,29
嘉泰线,下行,29
四团1线,上行,24
四团1线,下行,24
四团2线,上行,18
四团2线,下行,18
四团3线,上行,23
四团3线,下行,23
四团4线,下行,1
城桥1路,上行,20
城桥1路,下行,19
城桥2路,上行,28
城桥2路,下行,26
城桥3路,上行,17
城桥3路,下行,18
城桥4路,上行,23
城桥4路,下行,19
城桥5路,上行,17
城桥5路,下行,16
城桥5路（区间）,上行,16
城桥5路（区间）,下行,15
堡七线,上行,48
堡七线,下行,50
堡四线,上行,18
堡四线,下行,18
堡红线,上行,24
堡红线,下行,24
堡红线（区间）,上行,24
堡红线（区间）,下行,24
堡胜专线,上行,30
堡胜专线,下行,30
堡胜专线（区间）,上行,19
堡胜专线（区间）,下行,19
堡进线,上行,19
堡进线,下行,19
堡陈专线,上行,27
堡陈专线,下行,27
堡陈中线,上行,28
堡陈中线,下行,28
堡陈北线,上行,31
堡陈北线,下行,31
夏阳1路,下行,1
外高桥1路,上行,21
外高桥1路,下行,21
外高桥2路,上行,2
外高桥2路,下行,2
外高桥3路,上行,16
外高桥3路,下行,17
外高桥4路,上行,22
外高桥4路,下行,22
大团2路,上行,18
大团2路,下行,19
大桥一线,上行,16
大桥一线,下行,15
大桥三线,上行,17
大桥三线,下行,14
大桥五线,上行,13
大桥五线,下行,14
大桥六线,上行,25
大桥六线,下行,26
大桥四线,上行,26
大桥四线,下行,22
大泥专线,上行,38
大泥专线,下行,37
头桥1线,上行,14
头桥1线,下行,14
奉卫线,上行,53
奉卫线,下行,53
奉城1线,上行,23
奉城1线,下行,23
奉城2线,上行,16
奉城2线,下行,16
奉城3线,上行,21
奉城3线,下行,20
奉城4线,上行,20
奉城4线,下行,20
奉浦快线,上行,14
奉浦快线,下行,14
奉贤11路,上行,33
奉贤11路,下行,32
奉贤12路,上行,39
奉贤12路,下行,39
奉贤15路,上行,30
奉贤15路,下行,29
奉贤16路,上行,26
奉贤16路,下行,25
奉贤17路,上行,24
奉贤17路,下行,24
奉贤17路B线,上行,27
奉贤17路B线,下行,28
奉贤18路,上行,28
奉贤18路,下行,29
奉贤19路,上行,51
奉贤19路,下行,52
奉贤1路,上行,29
奉贤1路,下行,26
奉贤21路,上行,21
奉贤21路,下行,21
奉贤22路,上行,17
奉贤22路,下行,17
奉贤23路,上行,1
奉贤23路,下行,11
奉贤24路,上行,20
奉贤24路,下行,20
奉贤25路,上行,30
奉贤25路,下行,31
奉贤26路,上行,19
奉贤26路,下行,19
奉贤27路,上行,16
奉贤27路,下行,15
奉贤28路,上行,20
奉贤28路,下行,20
奉贤29路,上行,27
奉贤29路,下行,27
奉贤2路,上行,28
奉贤2路,下行,28
奉贤32路,上行,25
奉贤32路,下行,25
奉贤34路,上行,17
奉贤34路,下行,18
奉贤35路,上行,20
奉贤35路,下行,20
奉贤36路,上行,17
奉贤36路,下行,17
奉贤39路,上行,18
奉贤39路,下行,18
奉贤3路,上行,28
奉贤3路,下行,30
奉贤40路,上行,20
奉贤40路,下行,21
奉贤42路,上行,28
奉贤42路,下行,28
奉贤45路,上行,33
奉贤45路,下行,34
奉贤46路,上行,35
奉贤46路,下行,37
奉贤47路,上行,42
奉贤47路,下行,43
奉贤49路,上行,44
奉贤49路,下行,42
奉贤4路,上行,41
奉贤4路,下行,40
奉贤4路B线,上行,39
奉贤4路B线,下行,39
奉贤5路,上行,38
奉贤5路,下行,37
奉贤6路,上行,31
奉贤6路,下行,29
奉贤7路,上行,31
奉贤7路,下行,31
奉贤8路,上行,30
奉贤8路,下行,32
奉贤9路,上行,28
奉贤9路,下行,28
孙桥1路,上行,29
孙桥1路,下行,29
守航夜宵一线,上行,4
守航夜宵一线,下行,7
宝山10路,上行,27
宝山10路,下行,28
宝山12路,上行,16
宝山12路,下行,15
宝山13路,下行,11
宝山14路,上行,10
宝山14路,下行,9
宝山15路,上行,18
宝山15路,下行,18
宝山16路,上行,29
宝山16路,下行,29
宝山17路,下行,18
宝山18路,上行,25
宝山18路,下行,26
宝山19路,上行,7
宝山19路,下行,7
宝山1路,上行,25
宝山1路,下行,27
宝山21路,上行,28
宝山21路,下行,29
宝山23路,上行,34
宝山23路,下行,34
宝山25路,上行,21
宝山25路,下行,20
宝山26路,上行,7
宝山26路,下行,7
宝山29路,上行,27
宝山29路,下行,27
宝山2路,上行,26
宝山2路,下行,23
宝山30路,上行,18
宝山30路,下行,17
宝山31路,上行,19
宝山31路,下行,20
宝山32路,上行,11
宝山32路,下行,12
宝山33路,上行,5
宝山33路,下行,5
宝山35路,上行,16
宝山35路,下行,18
宝山36路,下行,10
宝山37路,下行,18
宝山38路,上行,16
宝山38路,下行,16
宝山39路,上行,9
宝山39路,下行,11
宝山3路,上行,19
宝山3路,下行,18
宝山4路,上行,13
宝山4路,下行,13
宝山50路,上行,13
宝山50路,下行,12
宝山55路,上行,21
宝山55路,下行,20
宝山56路,上行,10
宝山56路,下行,10
宝山57路,上行,22
宝山57路,下行,20
宝山5路,上行,18
宝山5路,下行,19
宝山6路,上行,24
宝山6路,下行,25
宝山7路,上行,21
宝山7路,下行,24
宝山80路,上行,13
宝山80路,下行,13
宝山81路,上行,21
宝山81路,下行,20
宝山82路,上行,21
宝山82路,下行,20
宝山83路,上行,10
宝山83路,下行,10
宝山85路,上行,10
宝山85路,下行,10
宝山86路,上行,10
宝山86路,下行,10
宝山87路,上行,17
宝山87路,下行,17
宝山88路,上行,22
宝山88路,下行,22
宝山89路,上行,13
宝山89路,下行,16
宝山8路,上行,21
宝山8路,下行,21
宝山90路,上行,16
宝山90路,下行,16
宝山91路,上行,14
宝山91路,下行,14
宝山92路,上行,22
宝山92路,下行,21
宝山93路,上行,12
宝山93路,下行,13
宝山95路,上行,23
宝山95路,下行,23
宝山9路,下行,28
宣桥1路,上行,17
宣桥1路,下行,19
山阳1路,上行,26
山阳1路,下行,26
山阳2路,上行,20
山阳2路,下行,20
山阳2路区间,上行,23
山阳2路区间,下行,23
崇明东滩1路,上行,18
崇明东滩1路,下行,18
崇明东滩2路,上行,13
崇明东滩2路,下行,13
崇明东滩2路（区间）,上行,16
崇明东滩2路（区间）,下行,16
崇明东滩3路,上行,20
崇明东滩3路,下行,20
崇明东滩4路,上行,18
崇明东滩4路,下行,18
崇明东滩5路,上行,7
崇明东滩5路,下行,7
崇明东滩6路,上行,19
崇明东滩6路,下行,19
崇明东滩6路（区间）,上行,17
崇明东滩6路（区间）,下行,17
崇明乡村10路,上行,24
崇明乡村10路,下行,24
崇明乡村11路,上行,20
崇明乡村11路,下行,20
崇明乡村1路,上行,18
崇明乡村1路,下行,19
崇明乡村2路,上行,30
崇明乡村2路,下行,30
崇明乡村2路（区间）,上行,29
崇明乡村2路（区间）,下行,29
崇明乡村3路,上行,18
崇明乡村3路,下行,18
崇明乡村4路,上行,1
崇明乡村4路,下行,14
崇明乡村5路,上行,10
崇明乡村5路,下行,10
崇明乡村6路,上行,14
崇明乡村6路,下行,14
崇明乡村7路,上行,8
崇明乡村7路,下行,8
崇明乡村8路,上行,10
崇明乡村8路,下行,10
崇明乡村9路,上行,22
崇明乡村9路,下行,21
川沙2路,上行,3
川沙2路,下行,4
川沙3路,上行,17
川沙3路,下行,15
川沙5路,上行,13
川沙5路,下行,16
庄行1线,上行,29
庄行1线,下行,28
庄行2线,上行,27
庄行2线,下行,26
廊下2路,上行,15
廊下2路,下行,15
廊下3路,上行,19
廊下3路,下行,19
廊下4路,上行,18
廊下4路,下行,18
廊下5路,上行,20
廊下5路,下行,20
张堰一路,上行,19
张堰一路,下行,19
张江1路,上行,21
张江1路,下行,20
张江环线,上行,16
张江环线,下行,19
徐商定班线,上行,45
徐商定班线,下行,43
徐川专线,上行,51
徐川专线,下行,49
徐汇滨江环线,下行,8
徐泾1路,上行,25
徐泾1路,下行,24
徐泾2路,上行,30
徐泾2路,下行,32
徐泾2路区间,上行,22
徐泾2路区间,下行,24
徐泾4路,上行,14
徐泾4路,下行,14
徐泾5路,上行,14
徐泾5路,下行,12
徐闵夜宵专线,上行,27
徐闵夜宵专线,下行,27
徐闵线,上行,37
徐闵线,下行,33
惠南10路,上行,14
惠南10路,下行,14
惠南8路,上行,18
惠南8路,下行,18
新临专线,上行,38
新临专线,下行,39
新场1路,上行,24
新场1路,下行,24
新场2路,上行,18
新场2路,下行,18
新场3路,上行,22
新场3路,下行,22
新场5路,上行,16
新场5路,下行,16
新泾1路,上行,26
新泾1路,下行,25
新泾1路区间,上行,9
新泾1路区间,下行,9
新芦专线,上行,44
新芦专线,下行,44
旅游10线,下行,10
旅游1线,下行,14
旅游2线,下行,9
旅游3线,下行,7
旅游4线,上行,17
旅游4线,下行,17
旅游5线,上行,8
旅游5线,下行,8
旅游6线,上行,11
旅游6线,下行,12
旅游7线,下行,17
旅游8线,下行,14
旅游9线,下行,9
曹路1路,上行,9
曹路1路,下行,9
曹路2路,上行,28
曹路2路,下行,28
曹路3路,上行,16
曹路3路,下行,13
朱卫线,上行,11
朱卫线,下行,2
朱家角10路,上行,11
朱家角10路,下行,11
朱家角1路,上行,16
朱家角1路,下行,16
朱家角2路,上行,17
朱家角2路,下行,17
朱家角4路,上行,14
朱家角4路,下行,14
朱家角5路,上行,29
朱家角5路,下行,28
朱家角6路,上行,18
朱家角6路,下行,18
朱家角7路,上行,19
朱家角7路,下行,18
朱家角8路,上行,24
朱家角8路,下行,25
朱家角9路,上行,15
朱家角9路,下行,14
朱松专线,上行,33
朱松专线,下行,33
朱枫线,上行,31
朱枫线,下行,31
朱泾5路,上行,20
朱泾5路,下行,20
朱石专线,上行,8
朱钱卫线,上行,55
朱钱卫线,下行,55
机场一线,上行,2
机场一线,下行,2
机场七线,上行,4
机场七线,下行,4
机场九线,上行,2
机场九线,下行,2
机场八线,上行,22
机场八线,下行,20
机场四线,上行,1
机场四线,下行,4
机场环一线,上行,8
机场环一线,下行,8
松卫专线,上行,51
松卫专线,下行,51
松卫线,上行,43
松卫线,下行,42
松新枫线,上行,20
松新枫线,下行,20
松朱线,上行,19
松朱线,下行,19
松梅专线,上行,2
松梅专线,下行,2
松江104路,上行,19
松江104路,下行,19
松江105路,上行,33
松江105路,下行,33
松江106路,上行,25
松江106路,下行,25
松江11路,上行,43
松江11路,下行,43
松江12路,上行,25
松江12路,下行,25
松江13路,上行,30
松江13路,下行,30
松江14路,上行,44
松江14路,下行,44
松江15路,上行,23
松江15路,下行,23
松江17路,上行,28
松江17路,下行,28
松江18路,下行,14
松江19路,上行,35
松江19路,下行,35
松江1路,上行,22
松江1路,下行,23
松江20路,上行,27
松江20路,下行,27
松江21路,上行,20
松江21路,下行,20
松江22路,上行,20
松江22路,下行,20
松江23路,上行,43
松江23路,下行,43
松江23路区间,上行,11
松江23路区间,下行,10
松江24路,上行,44
松江24路,下行,44
松江25路,上行,21
松江25路,下行,21
松江26路,上行,23
松江26路,下行,23
松江27路,上行,21
松江27路,下行,21
松江28路,上行,24
松江28路,下行,24
松江28路区间,上行,27
松江28路区间,下行,27
松江29路,上行,9
松江29路,下行,9
松江2路,上行,36
松江2路,下行,36
松江30路,上行,22
松江30路,下行,22
松江31路,上行,17
松江31路,下行,17
松江32路,上行,9
松江32路,下行,9
松江33路,上行,32
松江33路,下行,32
松江34路,上行,31
松江34路,下行,31
松江35路,上行,34
松江35路,下行,34
松江35路区间,上行,22
松江35路区间,下行,22
松江36路,上行,27
松江36路,下行,27
松江38路,上行,31
松江38路,下行,31
松江39路,上行,29
松江39路,下行,29
松江39路区间,上行,23
松江39路区间,下行,23
松江3路,上行,43
松江3路,下行,43
松江40路,上行,26
松江40路,下行,26
松江41路,下行,35
松江42路,上行,19
松江42路,下行,19
松江43路,上行,39
松江43路,下行,39
松江44路,下行,53
松江45路,上行,31
松江45路,下行,31
松江46路,上行,26
松江46路,下行,18
松江47路,上行,31
松江47路,下行,28
松江48路,上行,29
松江48路,下行,29
松江4路,上行,24
松江4路,下行,24
松江50路,上行,15
松江50路,下行,15
松江51路,上行,17
松江51路,下行,17
松江52路,上行,19
松江52路,下行,19
松江53路,上行,8
松江53路,下行,8
松江54路,上行,25
松江54路,下行,25
松江55路,上行,31
松江55路,下行,31
松江56路,上行,27
松江56路,下行,27
松江57路,上行,17
松江57路,下行,17
松江5路,上行,25
松江5路,下行,26
松江60路,上行,28
松江60路,下行,28
松江61路,下行,23
松江65路,上行,20
松江65路,下行,20
松江66路,上行,25
松江66路,下行,25
松江67路,上行,27
松江67路,下行,27
松江68路,上行,36
松江68路,下行,30
松江69路,上行,18
松江69路,下行,18
松江6路,上行,32
松江6路,下行,32
松江70路,上行,39
松江70路,下行,39
松江71路,上行,40
松江71路,下行,40
松江72路,下行,37
松江75路,下行,32
松江76路,下行,37
松江79路,上行,27
松江79路,下行,27
松江7路,上行,26
松江7路,下行,26
松江80路,上行,15
松江80路,下行,15
松江81路,上行,15
松江81路,下行,15
松江83路,下行,33
松江89路,下行,22
松江90路,上行,22
松江90路,下行,22
松江91路,上行,20
松江91路,下行,20
松江92路,上行,14
松江92路,下行,14
松江93路,上行,16
松江93路,下行,16
松江94路,上行,36
松江94路,下行,36
松江95路,上行,23
松江95路,下行,23
松江96路,上行,19
松江96路,下行,19
松江97路,上行,22
松江97路,下行,22
松江98路,上行,14
松江98路,下行,14
松江99路,上行,18
松江99路,下行,15
松江9路,上行,21
松江9路,下行,20
松江旅游观光1线,下行,10
松江旅游观光2线,下行,8
松江有轨电车1号线,上行,23
松江有轨电车1号线,下行,23
松江有轨电车2号线,上行,37
松江有轨电车2号线,下行,37
松莘线,上行,79
松莘线,下行,80
松青线,上行,39
松青线,下行,39
枫戚快线,上行,32
枫戚快线,下行,32
枫梅线,上行,2
枫梅线,下行,3
枫泾1路,上行,23
枫泾1路,下行,23
枫泾2路,上行,25
枫泾2路,下行,25
枫泾6路,上行,28
枫泾6路,下行,28
枫泾7路,上行,32
枫泾7路,下行,32
柘林1线,上行,23
柘林1线,下行,23
柘林2线,上行,32
柘林2线,下行,31
柘林3线,上行,33
柘林3线,下行,33
梅陇1路区间,下行,1
横沙2路,上行,20
横沙2路,下行,20
横沙3路,上行,34
横沙3路,下行,34
横长线,上行,2
横长线,下行,2
江五线,上行,60
江五线,下行,60
江川1路,上行,25
江川1路,下行,24
江川3路,上行,10
江川3路,下行,14
江川4路,上行,18
江川4路,下行,19
江川6路,下行,15
江平专线,上行,62
江平专线,下行,62
沪南线,上行,53
沪南线,下行,55
沪塘专线,上行,62
沪塘专线,下行,62
沪川线,上行,41
沪川线,下行,42
沪朱高速线,上行,4
沪朱高速线,下行,4
沪青高速专线,上行,7
沪青高速专线,下行,7
泥城1路,上行,29
泥城1路,下行,29
泥城2路,上行,20
泥城2路,下行,19
泥城4路,上行,21
泥城4路,下行,21
泥城5路,上行,21
泥城5路,下行,21
洋山专线,上行,6
洋山专线,下行,6
浦东100路,上行,9
浦东100路,下行,9
浦东101路,上行,25
浦东101路,下行,25
浦东102路,上行,17
浦东102路,下行,17
浦东104路,上行,30
浦东104路,下行,27
浦东105路,上行,36
浦东105路,下行,36
浦东106路,上行,13
浦东106路,下行,24
浦东107路,上行,37
浦东107路,下行,37
浦东108路,上行,33
浦东108路,下行,33
浦东109路,上行,15
浦东109路,下行,17
浦东10路,下行,14
浦东110路,上行,35
浦东110路,下行,35
浦东111路,上行,37
浦东111路,下行,38
浦东112路,上行,15
浦东112路,下行,16
浦东113路,上行,21
浦东113路,下行,20
浦东116路,上行,17
浦东116路,下行,17
浦东117路,上行,26
浦东117路,下行,28
浦东117路（区间）,上行,6
浦东117路（区间）,下行,5
浦东118路,上行,37
浦东118路,下行,37
浦东119路,上行,21
浦东119路,下行,21
浦东11路,上行,41
浦东11路,下行,47
浦东121路,上行,30
浦东121路,下行,29
浦东122路,上行,29
浦东122路,下行,29
浦东123路,上行,37
浦东123路,下行,36
浦东124路,上行,23
浦东124路,下行,28
浦东125路,上行,20
浦东125路,下行,19
浦东12路,上行,25
浦东12路,下行,26
浦东12路区间,上行,13
浦东12路区间,下行,12
浦东13路,上行,46
浦东13路,下行,48
浦东14路,上行,18
浦东14路,下行,19
浦东15路,上行,46
浦东15路,下行,47
浦东16路,上行,32
浦东16路,下行,32
浦东17路,上行,51
浦东17路,下行,52
浦东18路,上行,14
浦东18路,下行,15
浦东19路,下行,25
浦东1路,上行,18
浦东1路,下行,17
浦东20路,上行,18
浦东20路,下行,19
浦东21路,上行,41
浦东21路,下行,39
浦东22路,上行,13
浦东22路,下行,20
浦东23路,上行,25
浦东23路,下行,28
浦东24路,上行,45
浦东24路,下行,46
浦东25路,上行,33
浦东25路,下行,33
浦东26路,上行,30
浦东26路,下行,33
浦东27路,上行,22
浦东27路,下行,22
浦东29路,上行,12
浦东29路,下行,13
浦东2路,上行,29
浦东2路,下行,28
浦东30路,上行,18
浦东30路,下行,19
浦东31路,上行,27
浦东31路,下行,29
浦东32路,上行,33
浦东32路,下行,33
浦东33路,上行,11
浦东33路,下行,12
浦东34路,上行,26
浦东34路,下行,28
浦东35路,上行,65
浦东35路,下行,64
浦东36路,上行,15
浦东36路,下行,10
浦东37路,上行,23
浦东37路,下行,22
浦东38路,上行,16
浦东38路,下行,14
浦东39路,上行,16
浦东39路,下行,22
浦东3路,上行,24
浦东3路,下行,26
浦东41路,上行,20
浦东41路,下行,20
浦东42路,上行,20
浦东42路,下行,19
浦东43路,上行,19
浦东43路,下行,18
浦东45路,上行,16
浦东45路,下行,16
浦东48路,上行,14
浦东48路,下行,14
浦东49路,上行,16
浦东49路,下行,15
浦东4路,上行,29
浦东4路,下行,29
浦东50路,上行,13
浦东50路,下行,14
浦东51路,上行,28
浦东51路,下行,27
浦东52路,上行,26
浦东52路,下行,26
浦东53路,上行,15
浦东53路,下行,13
浦东54路,上行,9
浦东54路,下行,9
浦东55路,上行,31
浦东55路,下行,32
浦东56路,上行,43
浦东56路,下行,43
浦东57路,上行,35
浦东57路,下行,34
浦东58路,上行,17
浦东58路,下行,15
浦东59路,上行,30
浦东59路,下行,28
浦东5路,上行,40
浦东5路,下行,43
浦东60路,上行,19
浦东60路,下行,20
浦东61路,上行,19
浦东61路,下行,19
浦东62路,上行,20
浦东62路,下行,19
浦东63路,上行,40
浦东63路,下行,40
浦东64路,上行,9
浦东64路,下行,14
浦东65路,上行,22
浦东65路,下行,23
浦东66路,上行,45
浦东66路,下行,45
浦东67路,上行,15
浦东67路,下行,2
浦东68路,上行,36
浦东68路,下行,34
浦东69路,上行,33
浦东69路,下行,33
浦东70路,上行,30
浦东70路,下行,28
浦东71路,上行,32
浦东71路,下行,33
浦东72路,上行,38
浦东72路,下行,39
浦东73路,上行,36
浦东73路,下行,39
浦东74路,上行,32
浦东74路,下行,32
浦东76路,上行,7
浦东76路,下行,15
浦东77路,上行,21
浦东77路,下行,22
浦东78路,上行,40
浦东78路,下行,40
浦东79路,上行,29
浦东79路,下行,30
浦东7路,上行,26
浦东7路,下行,26
浦东80路,上行,17
浦东80路,下行,17
浦东86路,上行,14
浦东86路,下行,16
浦东87路,上行,17
浦东87路,下行,19
浦东88路,上行,23
浦东88路,下行,21
浦东89路,下行,21
浦东8路,上行,15
浦东8路,下行,18
浦东90路,上行,21
浦东90路,下行,20
浦东91路,上行,29
浦东91路,下行,29
浦东92路,上行,24
浦东92路,下行,23
浦东93路,上行,17
浦东93路,下行,30
浦东94路,上行,46
浦东94路,下行,48
浦东95路,上行,10
浦东95路,下行,10
浦东96路,上行,24
浦东96路,下行,24
浦东97路,上行,32
浦东97路,下行,31
浦东98路,上行,36
浦东98路,下行,37
浦东99路,上行,33
浦东99路,下行,33
浦东9路,上行,18
浦东9路,下行,17
浦亭线,上行,53
浦亭线,下行,53
浦江10路,上行,26
浦江10路,下行,22
浦江10路B线,上行,13
浦江10路B线,下行,14
浦江11路,上行,14
浦江11路,下行,13
浦江12路,上行,11
浦江12路,下行,12
浦江12路区间,下行,8
浦江13路,上行,9
浦江13路,下行,8
浦江15路,上行,11
浦江15路,下行,10
浦江16路,上行,26
浦江16路,下行,26
浦江17路,下行,17
浦江18路,下行,18
浦江19路,上行,19
浦江19路,下行,18
浦江19路B线,上行,14
浦江19路B线,下行,13
浦江1路,上行,21
浦江1路,下行,23
浦江2路,上行,26
浦江2路,下行,26
浦江3路,上行,15
浦江3路,下行,13
浦江4路,上行,31
浦江4路,下行,31
浦江5路,上行,21
浦江5路,下行,22
浦江6路,上行,11
浦江6路,下行,10
浦江7路,上行,19
浦江7路,下行,19
浦江9路,下行,1
浦江9路B线,上行,21
浦江9路B线,下行,19
浦西滨江1路,上行,22
浦西滨江1路,下行,22
海沈线,上行,33
海沈线,下行,32
海湾1线,上行,27
海湾1线,下行,27
海湾3线,上行,35
海湾3线,下行,36
海湾快线,上行,13
海湾快线,下行,13
海航专线,上行,51
海航专线,下行,51
滨江2路,上行,5
滨江2路,下行,5
申崇一线,上行,2
申崇一线,下行,2
申崇七线,上行,2
申崇七线,下行,2
申崇三线,上行,2
申崇三线,下行,2
申崇三线（区间）,上行,2
申崇三线（区间）,下行,2
申崇二线,上行,2
申崇二线,下行,2
申崇二线区间,上行,2
申崇二线区间,下行,2
申崇五线,上行,2
申崇五线,下行,2
申崇六线,上行,4
申崇六线,下行,4
申崇四线,上行,2
申崇四线,下行,2
申崇四线（区间）,上行,2
申崇四线（区间）,下行,2
申川专线,上行,45
申川专线,下行,45
申港1路,上行,18
申港1路,下行,17
申港3路,上行,32
申港3路,下行,31
白徐线,上行,28
白徐线,下行,28
白徐线跨线定班（赵屯-徐泾）,上行,35
白徐线跨线定班（赵屯-徐泾）,下行,35
白鹤1路,上行,14
白鹤1路,下行,14
白鹤2路,上行,26
白鹤2路,下行,26
白鹤3路,上行,17
白鹤3路,下行,16
白鹤4路,上行,25
白鹤4路,下行,25
白鹤5路,上行,12
白鹤5路,下行,12
白鹤6路,上行,21
白鹤6路,下行,21
白鹤7路,上行,19
白鹤7路,下行,19
石南专线,上行,9
石南专线,下行,9
石梅线,上行,4
石梅线,下行,3
石漕线,上行,33
石漕线,下行,33
示范区1路,上行,18
示范区1路,下行,18
祝桥1路,上行,17
祝桥1路,下行,17
祝桥2路,上行,24
祝桥2路,下行,24
祝桥2路区间,下行,10
祝桥3路,上行,26
祝桥3路,下行,29
练塘1路,上行,32
练塘1路,下行,32
练塘2路,上行,5
练塘2路,下行,2
练塘4路,上行,27
练塘4路,下行,27
练塘5路,上行,23
练塘5路,下行,23
练塘6路,上行,16
练塘6路,下行,16
老港1路,上行,21
老港1路,下行,21
航头5路,上行,17
航头5路,下行,17
航奉专线,上行,40
航奉专线,下行,41
芦潮港1路,上行,23
芦潮港1路,下行,22
花木2路,上行,13
花木2路,下行,14
莘南专线,上行,26
莘南专线,下行,27
莘庄1路,上行,5
莘庄1路,下行,6
莘庄2路,上行,7
莘庄2路,下行,7
莘庄3路,上行,9
莘庄3路,下行,9
莘庄3路B线,上行,11
莘庄3路B线,下行,9
莘庄工业区1路,上行,16
莘庄工业区1路,下行,15
莘庄工业区2路,下行,1
莘金专线,上行,12
莘金专线,下行,12
莲亭专线,上行,2
莲亭专线,下行,2
莲卫专线,上行,8
莲卫专线,下行,8
莲山专线,上行,8
莲山专线,下行,9
莲廊专线,下行,1
莲松专线,上行,5
莲松专线,下行,5
莲枫专线,上行,2
莲枫专线,下行,2
莲浜专线,上行,1
莲漕专线,上行,2
莲漕专线,下行,2
莲金专线,上行,6
莲金专线,下行,7
虹桥商务区1路,上行,14
虹桥商务区1路,下行,13
虹桥商务区2路,上行,9
虹桥商务区2路,下行,8
虹桥商务区2路区间,上行,6
虹桥商务区2路区间,下行,4
虹桥枢纽10路,上行,5
虹桥枢纽10路,下行,6
虹桥枢纽1路,上行,26
虹桥枢纽1路,下行,27
虹桥枢纽4路,上行,41
虹桥枢纽4路,下行,40
虹桥枢纽5路,上行,25
虹桥枢纽5路,下行,25
虹桥枢纽6路,上行,28
虹桥枢纽6路,下行,29
虹桥枢纽6路B线,上行,6
虹桥枢纽6路B线,下行,6
虹桥枢纽7路,上行,12
虹桥枢纽7路,下行,12
虹桥枢纽7路B线,上行,2
虹桥枢纽7路B线,下行,2
虹桥枢纽8路,上行,2
虹桥枢纽8路,下行,2
虹桥枢纽9路,上行,2
虹桥枢纽9路,下行,2
虹桥镇2路,下行,1
虹练定班线,上行,9
虹练定班线,下行,9
赵巷1路,上行,17
赵巷1路,下行,18
赵巷2路,上行,13
赵巷2路,下行,13
赵巷3路,上行,2
赵巷3路,下行,6
赵巷5路,上行,15
赵巷5路,下行,16
邵鹤线,上行,56
邵鹤线,下行,57
重固1路,上行,24
重固1路,下行,25
重固2路,上行,33
重固2路,下行,34
金山100路,上行,57
金山100路,下行,58
金山105路,上行,70
金山105路,下行,70
金山105路区间,上行,21
金山105路区间,下行,21
金山10路,上行,6
金山10路,下行,9
金山10路区间,上行,25
金山10路区间,下行,25
金山115路,上行,11
金山115路,下行,11
金山11路,上行,32
金山11路,下行,32
金山1路,上行,28
金山1路,下行,28
金山203路,上行,13
金山203路,下行,13
金山206路,上行,13
金山206路,下行,13
金山2路,上行,26
金山2路,下行,17
金山3路,上行,22
金山3路,下行,22
金山4路,上行,19
金山4路,下行,19
金山5路,上行,31
金山5路,下行,31
金山6路,上行,28
金山6路,下行,29
金山7路,上行,10
金山7路,下行,2
金山8路,上行,23
金山8路,下行,22
金山9路,上行,17
金山9路,下行,17
金山中部环线,上行,36
金山中部环线,下行,36
金山卫一路,上行,1
金山卫一路,下行,6
金山卫二路,上行,9
金山卫二路,下行,10
金山工业区一路,上行,24
金山工业区一路,下行,24
金山工业区二路,上行,20
金山工业区二路,下行,20
金枫线,上行,29
金枫线,下行,29
金汇1线,上行,40
金汇1线,下行,40
金汇2线,上行,26
金汇2线,下行,27
金泽2路,上行,20
金泽2路,下行,20
金泽3路,上行,11
金泽3路,下行,11
金泽4路,上行,13
金泽4路,下行,13
金泽5路,上行,32
金泽5路,下行,32
金泽6路,上行,39
金泽6路,下行,39
金泽7路,上行,15
金泽7路,下行,15
金漕线,上行,25
金漕线,下行,25
长兴1路,上行,13
长兴1路,下行,18
长兴1路（区间）,上行,16
长兴1路（区间）,下行,17
长兴2路,上行,25
长兴2路,下行,25
长兴3路,上行,26
长兴3路,下行,25
长兴4路,上行,26
长兴4路,下行,27
长南线,下行,1
长征1路,上行,20
长征1路,下行,21
闵东线,上行,15
闵东线,下行,15
闵吴线,上行,21
闵吴线,下行,21
闵行10路,上行,26
闵行10路,下行,27
闵行11路,上行,30
闵行11路,下行,31
闵行13路,上行,21
闵行13路,下行,20
闵行14路,上行,25
闵行14路,下行,25
闵行14路区间,上行,2
闵行14路区间,下行,2
闵行16路,上行,22
闵行16路,下行,19
闵行17路,上行,37
闵行17路,下行,38
闵行17路区间,上行,2
闵行17路区间,下行,2
闵行18路,上行,27
闵行18路,下行,28
闵行1路,上行,11
闵行1路,下行,9
闵行20路,上行,38
闵行20路,下行,37
闵行21路,上行,37
闵行21路,下行,41
闵行22路,上行,17
闵行22路,下行,19
闵行23路,上行,12
闵行23路,下行,11
闵行23路区间,上行,7
闵行23路区间,下行,6
闵行25路,上行,17
闵行25路,下行,19
闵行26路,上行,30
闵行26路,下行,24
闵行27路,上行,11
闵行27路,下行,11
闵行28路,上行,15
闵行28路,下行,16
闵行29路,上行,30
闵行29路,下行,29
闵行2路,上行,23
闵行2路,下行,24
闵行2路区间,上行,14
闵行2路区间,下行,14
闵行31路,上行,25
闵行31路,下行,25
闵行32路,上行,24
闵行32路,下行,22
闵行33路,上行,39
闵行33路,下行,40
闵行35路,上行,20
闵行35路,下行,32
闵行37路,上行,31
闵行37路,下行,33
闵行38路,上行,19
闵行38路,下行,12
闵行39路,上行,15
闵行39路,下行,16
闵行41路,上行,26
闵行41路,下行,35
闵行42路,上行,15
闵行42路,下行,13
闵行43路,上行,11
闵行43路,下行,11
闵行4路,上行,12
闵行4路,下行,16
闵行50路,下行,13
闵行55路,上行,8
闵行55路,下行,7
闵行7路,上行,22
闵行7路,下行,24
闵行8路,上行,18
闵行8路,下行,18
闵行9路,上行,28
闵行9路,下行,30
陆安线（高速）,上行,10
陆安线（高速）,下行,10
陆安线（高速）B,上行,11
陆安线（高速）B,下行,11
陆家嘴旅游环线,上行,12
陆家嘴旅游环线,下行,12
陆家嘴旅游环线（世博公园定班）,下行,14
陆家嘴金融城1路,下行,13
陆家嘴金融城2路,下行,11
陆家嘴金融城3路,上行,14
陆家嘴金融城3路,下行,14
陆家嘴金融城4路,上行,5
陆家嘴金融城4路,下行,6
陈凤线,上行,2
陈凤线,下行,2
隧道一线,上行,22
隧道一线,下行,21
隧道三线,上行,21
隧道三线,下行,22
隧道二线,上行,17
隧道二线,下行,16
隧道八线,上行,14
隧道八线,下行,14
隧道六线,上行,21
隧道六线,下行,22
隧道夜宵一线,上行,18
隧道夜宵一线,下行,14
隧道夜宵线,上行,9
隧道夜宵线,下行,11
青商线,上行,55
青商线,下行,55
青安线,上行,20
青安线,下行,20
青安线（区间）,上行,7
青安线（区间）,下行,7
青小线,上行,29
青小线,下行,29
青村1线,上行,30
青村1线,下行,30
青村2线,上行,23
青村2线,下行,23
青浦10路,上行,24
青浦10路,下行,22
青浦11路,上行,26
青浦11路,下行,28
青浦12路,上行,16
青浦12路,下行,19
青浦13路,上行,25
青浦13路,下行,26
青浦14路,上行,13
青浦14路,下行,14
青浦15路,上行,1
青浦15路,下行,9
青浦16路,上行,30
青浦16路,下行,31
青浦17路,上行,26
青浦17路,下行,26
青浦18路,上行,27
青浦18路,下行,24
青浦19路,上行,31
青浦19路,下行,32
青浦1路,上行,25
青浦1路,下行,25
青浦20路,上行,28
青浦20路,下行,29
青浦21路,上行,17
青浦21路,下行,17
青浦23路,上行,22
青浦23路,下行,22
青浦24路,上行,29
青浦24路,下行,31
青浦25路,上行,38
青浦25路,下行,39
青浦26路,上行,19
青浦26路,下行,18
青浦27路,上行,23
青浦27路,下行,25
青浦28路,上行,19
青浦28路,下行,7
青浦29路,上行,39
青浦29路,下行,41
青浦2路,上行,23
青浦2路,下行,23
青浦30路,上行,33
青浦30路,下行,32
青浦32路,上行,23
青浦32路,下行,23
青浦33路,上行,1
青浦33路,下行,1
青浦34路,上行,45
青浦34路,下行,42
青浦35路,上行,15
青浦35路,下行,27
青浦36路,上行,19
青浦36路,下行,21
青浦3路,上行,27
青浦3路,下行,27
青浦4路,上行,28
青浦4路,下行,24
青浦5路,上行,22
青浦5路,下行,24
青浦6路,上行,15
青浦6路,下行,5
青浦7路,上行,33
青浦7路,下行,36
青浦8路,上行,21
青浦8路,下行,21
青浦9路,上行,1
青浦9路,下行,2
青纪线,上行,42
青纪线,下行,42
青蒸线,上行,45
青蒸线,下行,45
青金线,上行,42
青金线,下行,41
香花桥1路,上行,20
香花桥1路,下行,20
香花桥2路,上行,15
香花桥2路,下行,15
马桥1路,上行,24
马桥1路,下行,24
马桥1路区间,上行,4
马桥1路区间,下行,4
